<?xml version='1.0' encoding='utf-8' standalone='yes' ?>
<map>
    <string name="totalgandabu">0</string>
    <boolean name="isGanda" value="true" />
    <boolean name="isTunggal" value="true" />
    <boolean name="statusDownloadGandaBU" value="false" />
    <boolean name="isGandaBU" value="true" />
    <boolean name="isPrabayar" value="true" />
    <string name="totalprabayar">0</string>
    <string name="blth">202412</string>
    <string name="totalganda">0</string>
    <string name="total">284</string>
    <boolean name="isConnectIn" value="true" />
    <boolean name="statusDownloadTuggal" value="true" />
    <boolean name="statusDownloadPrabayar" value="false" />
    <boolean name="isLoggedIn" value="true" />
    <string name="unitup">52260</string>
    <boolean name="statusDownloadGanda" value="false" />
    <int name="JenisUser" value="1" />
    <string name="username">52260.j09- ( FNAJAIB)</string>
</map>
